{"cameraMode":{"drawMode":0,"name":"Shaded","section":"Shading Mode"},"sceneLighting":false,"audioPlay":false,"sceneViewState":{"m_AlwaysRefresh":false,"showFog":true,"showSkybox":false,"showFlares":true,"showImageEffects":true,"showParticleSystems":true,"showVisualEffectGraphs":true,"m_FxEnabled":false},"in2DMode":false,"pivot":{"x":-0.07498478889465332,"y":1.3087198734283448,"z":0.41274529695510867},"rotation":{"x":0.05481095239520073,"y":-0.7640390992164612,"z":0.06548509001731873,"w":0.6395016312599182},"size":2.9809701442718508,"orthographic":false}