{"cameraMode":{"drawMode":0,"name":"Shaded","section":"Shading Mode"},"sceneLighting":true,"audioPlay":false,"sceneViewState":{"m_AlwaysRefresh":false,"showFog":false,"showSkybox":true,"showFlares":true,"showImageEffects":true,"showParticleSystems":true,"showVisualEffectGraphs":true,"m_FxEnabled":true},"in2DMode":false,"pivot":{"x":344.3084411621094,"y":15.922698020935059,"z":86.99893951416016},"rotation":{"x":-0.03240055590867996,"y":0.8999671339988709,"z":-0.06790454685688019,"w":-0.42941704392433169},"size":2.1129679679870607,"orthographic":false}